"Dataset","Representation","Classifier","Selected_Threshold_Mean","Accuracy_Tuned_Mean","Balanced_Accuracy_Tuned_Mean","Sensitivity_Tuned_Mean","Specificity_Tuned_Mean","Precision_Tuned_Mean","F1_Tuned_Mean","MCC_Tuned_Mean","Selected_Threshold_SD","Accuracy_Tuned_SD","Balanced_Accuracy_Tuned_SD","Sensitivity_Tuned_SD","Specificity_Tuned_SD","Precision_Tuned_SD","F1_Tuned_SD","MCC_Tuned_SD"
"Colon","local_kpca","linear",0.645197410044091,0.747863247863248,0.746666666666667,0.75,0.743333333333333,0.798756613756614,0.76442732648615,0.497284561569894,0.0282609513347485,0.145485318492098,0.13045821261268,0.245495126515491,0.217014373015333,0.243290395904263,0.228979275454042,0.26675646077244
"Colon","local_kpca","radial",0.637345233088197,0.779059829059829,0.771666666666667,0.8,0.743333333333333,0.86459595959596,0.822702753616066,0.54630676214827,0.052490555742008,0.101466964628541,0.120773794855546,0.123201345076145,0.238197597045174,0.111820353794517,0.0815200125889295,0.230458796737984
"Colon","pca","linear",0.658105162491572,0.767948717948718,0.778333333333333,0.733333333333333,0.823333333333333,0.898439153439153,0.780933826522062,0.563851383969117,0.0324660925629902,0.166282312521506,0.15158880785423,0.240287526180814,0.189799392843627,0.114054043921784,0.200900233128832,0.296217275759567
"Colon","pca","radial",0.653878707481491,0.79957264957265,0.789166666666667,0.825,0.753333333333333,0.879252044252044,0.824467459498419,0.595766663691962,0.077160927313598,0.165029054329989,0.163107837539055,0.225594452819339,0.270229179630568,0.117941848973593,0.192458921324716,0.309618029598054
"Colon","raw","linear",0.623615379066541,0.825641025641026,0.828333333333333,0.816666666666667,0.84,0.916798941798942,0.856051497522086,0.653004965370458,0.0527445775156333,0.100254442894986,0.105587923191099,0.132512353422327,0.178485693704406,0.0884740973325585,0.0815488805161298,0.215957084700816
"Colon","raw","radial",0.630053032705146,0.796581196581197,0.7775,0.841666666666667,0.713333333333333,0.853667628667629,0.841368371910168,0.565331019201126,0.0566428936132738,0.119027423852934,0.134976849866931,0.120143763090407,0.234114339179649,0.11634377843415,0.0915802290244868,0.272800907902286
"Colon","rbf_kpca","linear",0.636364424702546,0.789316239316239,0.784166666666667,0.791666666666667,0.776666666666667,0.880291005291005,0.821840479781656,0.576365086262747,0.0751212590861878,0.15194310362946,0.156443927274127,0.187003310385774,0.233656239153244,0.121788336916908,0.133498625910992,0.319544267909705
"Colon","rbf_kpca","radial",0.636431101020028,0.768803418803419,0.7625,0.791666666666667,0.733333333333333,0.864285714285714,0.815980272450861,0.510208314691427,0.0483172695913158,0.151548522585091,0.178410641899123,0.139087160066047,0.322194853791186,0.149721017963259,0.116389887188353,0.363708949668223
"Gravier","local_kpca","linear",0.351156034051085,0.732854596384008,0.719257795344752,0.677777777777778,0.760737812911726,0.597882705529764,0.63226453206963,0.429298653210644,0.0189232065718184,0.0942568811900667,0.103003224892672,0.147424950575871,0.0921570816912672,0.125529787142905,0.127323284463811,0.200432852517975
"Gravier","local_kpca","radial",0.302875715193944,0.71080383668619,0.706082564778217,0.692929292929293,0.719235836627141,0.583259544280415,0.616824602759368,0.413429451178699,0.0652436268232599,0.0867447512523846,0.0769033465900804,0.172893011797346,0.16121213105678,0.116299645243455,0.0932529664783992,0.143455142916227
"Gravier","pca","linear",0.342633752147067,0.738687717511247,0.73018225735617,0.702525252525253,0.757839262187088,0.619987260188499,0.643740867378081,0.457774672165642,0.0300921081583611,0.073001215615033,0.0748233262181496,0.153543422739275,0.118494387381367,0.121069952070928,0.0912125994095332,0.144626456380273
"Gravier","pca","radial",0.293204230980072,0.714501315677786,0.717610891523935,0.726262626262626,0.708959156785244,0.57086773248538,0.629197542367248,0.424222973127194,0.067609274558456,0.0728440724394943,0.0782186851665202,0.167179128193104,0.116661706055545,0.0915924048544697,0.0968150050496384,0.14632927750234
"Gravier","raw","linear",0.32373324426019,0.738331211272388,0.736045234958278,0.72979797979798,0.742292490118577,0.593371720871721,0.649782562764572,0.45706449892523,0.0454001090953914,0.0553361406052587,0.0696065934222394,0.145262394123936,0.0700070346903826,0.0699150150931682,0.0878956083231553,0.12988868126968
"Gravier","raw","radial",0.299547257056344,0.726279602750191,0.742995169082126,0.794949494949495,0.691040843214756,0.572381377365897,0.660973385223318,0.466609902933999,0.044163005118007,0.0539695177683898,0.0635026694123387,0.133920718501096,0.078248558406712,0.063223556910698,0.0713054124103131,0.12070699336463
"Gravier","rbf_kpca","linear",0.352724716898933,0.740242763772176,0.729402722880984,0.695959595959596,0.762845849802372,0.611611652881003,0.646159481354142,0.450736694044922,0.0334636518711936,0.0737423281290532,0.0746257086003635,0.110188184507561,0.0930983777814332,0.114029872813296,0.0929880445944975,0.150999323056566
"Gravier","rbf_kpca","radial",0.324056723897433,0.720572107630931,0.721892841458059,0.726262626262626,0.717523056653491,0.568499585210112,0.630633144365028,0.428971816804642,0.0372134401909946,0.0514983927646003,0.0739992435278568,0.174779584835232,0.0718736990482252,0.0505158913800437,0.0901917922797707,0.133546549168432
"Leukemia","local_kpca","linear",0.394244259883775,0.93047619047619,0.930740740740741,0.933333333333333,0.928148148148148,0.911507936507936,0.91032116032116,0.868010302968879,0.0833267271455979,0.103686502653544,0.0971568185146664,0.123442679969674,0.141724492814791,0.165307667984526,0.120647839443358,0.189408514098985
"Leukemia","local_kpca","radial",0.378991441199827,0.935555555555556,0.932222222222222,0.92,0.944444444444444,0.916190476190476,0.91037037037037,0.869632670074649,0.137894306161216,0.0607123960401318,0.059842532932651,0.101418510567422,0.0867805519545184,0.125224773611861,0.0811585713145864,0.121402110478988
"Leukemia","pca","linear",0.432910739835394,0.953968253968254,0.949259259259259,0.933333333333333,0.965185185185185,0.945396825396825,0.933804713804714,0.904944547347217,0.0678228979039606,0.050029685605098,0.0542248026101248,0.0975900072948533,0.0635330555503217,0.097271934164562,0.069673822061834,0.102613408114232
"Leukemia","pca","radial",0.399482004414759,0.944761904761905,0.938518518518519,0.92,0.957037037037037,0.932063492063492,0.918619528619529,0.884624735668665,0.0657554230405552,0.059579565723203,0.0696573456039651,0.126491106406735,0.068861575059639,0.102802748697852,0.0895051253882337,0.125277714484592
"Leukemia","raw","linear",0.540040692766573,0.986349206349206,0.98,0.96,1,1,0.977777777777778,0.970275591217916,0.0839254742855077,0.0282789260199272,0.0414039335605412,0.0828078671210825,0,0,0.0460043706228236,0.0615424422923534
"Leukemia","raw","radial",0.506780873688063,0.976507936507937,0.975555555555556,0.973333333333333,0.977777777777778,0.966666666666667,0.967003367003367,0.952221326687861,0.106854450881211,0.0344076943253597,0.0380753916557066,0.0703731550548997,0.0460043706228236,0.0690065559342354,0.0486628925933495,0.0700066958568492
"Leukemia","rbf_kpca","linear",0.422880309912165,0.935555555555556,0.928518518518519,0.906666666666667,0.95037037037037,0.920952380952381,0.908350168350168,0.864994674806328,0.0525081683731553,0.065733672252921,0.0683925626218748,0.103279555898864,0.0788885162820025,0.121535900279256,0.0901624515229106,0.137712478363978
"Leukemia","rbf_kpca","radial",0.352289794033073,0.921587301587302,0.917777777777778,0.906666666666667,0.928888888888889,0.908359788359788,0.895974025974026,0.845601845435194,0.0937762128410267,0.109861453325003,0.10330089950113,0.127988094684437,0.147632701194827,0.160325841888922,0.121065555069975,0.19884629936761
"Pima","local_kpca","linear",0.35768712671291,0.734824434824435,0.741132075471698,0.762264150943396,0.72,0.607061390992562,0.670322825572958,0.470912197716627,0.0569821381445576,0.0624261846042289,0.0436167050206875,0.0720283591307681,0.11771636613973,0.0815502606222612,0.0476669465617141,0.0862061569737016
"Pima","local_kpca","radial",0.311445133406631,0.733084344849051,0.743073608199394,0.776147216398789,0.71,0.597705863940041,0.670799287827441,0.47052387092084,0.0537192621663874,0.0484513377719124,0.0388958057966871,0.0777033343533232,0.0906326967174966,0.0642517246758544,0.042752187711135,0.0750805527383648
"Pima","pca","linear",0.308266958887563,0.733480462892228,0.744223852783601,0.779781038900536,0.708666666666667,0.593708336936856,0.670633817072483,0.470675793333292,0.041183549651626,0.0371936327376075,0.0366324828042786,0.0841049335554287,0.067492503992948,0.0476287742592971,0.0414491541323516,0.0684461443508691
"Pima","pca","radial",0.286845504040276,0.73128483716719,0.752954111344048,0.824574889354764,0.681333333333333,0.582810086734611,0.682064469223474,0.483528068899903,0.0357785212726197,0.0388098695577298,0.037474533352827,0.0528685332756998,0.050971513986689,0.0426609944907493,0.0404530370234567,0.0715762517835258
"Pima","raw","linear",0.316435119552905,0.733486121721416,0.740793151642208,0.76491963661775,0.716666666666667,0.597700614147066,0.66678854857709,0.465830139905689,0.0491258130281749,0.0380250780650965,0.0337429426470057,0.0813841958948398,0.0747057720725272,0.0556339688855386,0.0389291602821959,0.0650481393326329
"Pima","raw","radial",0.279695658534246,0.730450159861925,0.750125087351502,0.815583508036338,0.684666666666667,0.583412824895874,0.678662288038434,0.479324685016695,0.0283245883583497,0.0296643469894771,0.0261739271377957,0.058394156914403,0.0559166045702586,0.0353011350138002,0.0293011531935554,0.0497891975065786
"Pima","rbf_kpca","linear",0.326258432982607,0.742209206915089,0.744694619147449,0.753389238294899,0.736,0.609443801721422,0.669256281635678,0.475223237794557,0.04271852247387,0.0228203921624858,0.0284104299707584,0.0966216332075732,0.0626555207919804,0.041632164049067,0.0346865304186182,0.0522073498484412
"Pima","rbf_kpca","radial",0.292323172171519,0.733471974648445,0.750517353831819,0.807034707663638,0.694,0.591969685859027,0.679081406149926,0.482331260260603,0.0470403646112485,0.0435394559506693,0.038251094473198,0.0766385113603023,0.0769786612361782,0.0587310885127247,0.0418671750670832,0.0727874137782845
"Prostate","local_kpca","linear",0.531011535112107,0.693015873015873,0.698181818181818,0.503030303030303,0.893333333333333,0.639047619047619,0.546577063573968,0.420432522161054,0.0217166216429153,0.144859735411627,0.141304430747094,0.341979560320924,0.179151438998513,0.41788214356281,0.349698151410182,0.295447672203023
"Prostate","local_kpca","radial",0.509299378846328,0.705396825396825,0.709090909090909,0.684848484848485,0.733333333333333,0.767808857808858,0.689678924695751,0.445726882664392,0.0300708799120742,0.095939030597837,0.0958710763586827,0.205579397378543,0.205866345916355,0.162068362966074,0.136262989051073,0.194516019533359
"Prostate","pca","linear",0.515230976249918,0.770793650793651,0.77030303030303,0.827272727272727,0.713333333333333,0.786481666481667,0.791828664516825,0.567098601856542,0.0277255094855592,0.116748085801348,0.11835485168324,0.114477407122281,0.255976189368874,0.165981911179888,0.0898170924034239,0.231323293119222
"Prostate","pca","radial",0.536070977509182,0.771111111111111,0.774242424242424,0.728484848484849,0.82,0.844393569393569,0.762635259128731,0.576360767985094,0.0664928207149958,0.0914460489719701,0.0918725997070847,0.155492387991623,0.20071301473924,0.156556307047044,0.0860250313000091,0.190907975219265
"Prostate","raw","linear",0.512261996516061,0.699206349206349,0.70030303030303,0.700606060606061,0.7,0.721417656417656,0.70181926387876,0.410208689602168,0.0617534878827775,0.0727801083710048,0.0730808504633537,0.117604316610066,0.151185789203691,0.0963612776713798,0.0684300428897564,0.148123481568061
"Prostate","raw","radial",0.544661612031267,0.695714285714286,0.698787878787879,0.644242424242424,0.753333333333333,0.756503126503126,0.678344189350381,0.413656023220497,0.055958041025068,0.0810883212344538,0.0812474078537861,0.141290504600555,0.168466472572297,0.127363072306857,0.0886907841339935,0.163902015366454
"Prostate","rbf_kpca","linear",0.539451215561079,0.790634920634921,0.793939393939394,0.727878787878788,0.86,0.847070892070892,0.759166261740632,0.60584026536272,0.0371697557810034,0.144375341672374,0.14185550069535,0.246689214749552,0.176473389333512,0.177265848476937,0.209919387036665,0.283353010699655
"Prostate","rbf_kpca","radial",0.520974605324322,0.728412698412698,0.728484848484849,0.716969696969697,0.74,0.788632870397576,0.72171462772598,0.487224286339669,0.0467978180103637,0.150408327359197,0.153351640677705,0.223524062888718,0.29952343099378,0.17811880564354,0.157018857172466,0.306832352914644
"Wisconsin","local_kpca","linear",0.437763098552649,0.963668077465692,0.959869769868132,0.944961240310078,0.974778299426187,0.958330078463374,0.950609491783116,0.923075540260053,0.139556806433999,0.0172800154641054,0.0216107414383286,0.04548747771221,0.0192608281118889,0.0307174212655047,0.0246809156286693,0.0361988351041247
"Wisconsin","local_kpca","radial",0.553716776098066,0.966617929973067,0.962841649379481,0.948062015503876,0.977621283255086,0.96337341963276,0.954710611600232,0.929468621685392,0.203784012713264,0.0133595376747019,0.0168357985656325,0.0393519289083616,0.0195697502350753,0.0312671278642733,0.0189425248316613,0.0279234297655507
"Wisconsin","pca","linear",0.401288484735942,0.963657817109145,0.96013967092824,0.94640088593577,0.973878455920709,0.95653011420182,0.950937070359428,0.922723496587955,0.0857128572839765,0.0165901028449786,0.0185275485726254,0.0329353984516824,0.0189448115365237,0.0304886341178173,0.0224627650498196,0.0354394144204241
"Wisconsin","pca","radial",0.41781316272852,0.967177119404899,0.967145768668861,0.966998892580288,0.967292644757433,0.946905390542225,0.956478615962736,0.930744145549049,0.108871785894403,0.0122416570300489,0.0127994734353383,0.0232150975861863,0.0173201699840387,0.0267894865644784,0.0159957299651122,0.0257288226973273
"Wisconsin","raw","linear",0.440953714893153,0.973056303706554,0.970542830627174,0.960686600221484,0.980399061032864,0.967842397084743,0.963854737067443,0.942895760074658,0.0793958270235614,0.0145971467808589,0.0145062889061603,0.0228635911650748,0.0203038343091645,0.0314889088061383,0.0192085332714421,0.0304666908627725
"Wisconsin","raw","radial",0.426539110544638,0.971845581633962,0.969560428895509,0.960612772240679,0.978508085550339,0.964404651413021,0.961967730669624,0.940287960198,0.0738064549766811,0.0121483553095506,0.0156197244074314,0.0342321857085367,0.013898109139072,0.02196473994731,0.0170819837018755,0.0260485240060098
"Wisconsin","rbf_kpca","linear",0.392494130353997,0.967177119404899,0.966149394211956,0.962163159837578,0.970135628586333,0.951500303076256,0.956165859238661,0.930770444856958,0.0602257405567685,0.0138948327230364,0.0160113908759674,0.0331590297063233,0.018971887588258,0.0298213925177771,0.0186343123389621,0.0295824770542875
"Wisconsin","rbf_kpca","radial",0.432553115011459,0.971286392202129,0.968462172691619,0.957438169066076,0.979486176317162,0.966700577473408,0.961192061549009,0.93948713629008,0.134563372253575,0.0107263489333316,0.0139573383382835,0.036079787309596,0.0188810777513647,0.0289777499530936,0.0148000592466658,0.0223263422055918
