"Dataset","Representation","Classifier","Valid_Outer_Folds","ROC_AUC_Mean","ROC_AUC_SD","PR_AUC_Mean","PR_AUC_SD","Balanced_Accuracy_Tuned_Mean","MCC_Tuned_Mean","Mean_Elapsed_Seconds"
"Colon","local_kpca","radial",15,0.88125,0.0923103751327166,0.936766899356083,0.0589828756480813,0.771666666666667,0.54630676214827,27.3278666666666
"Colon","raw","linear",15,0.864166666666667,0.117935805278408,0.927853203597526,0.0680315414761333,0.828333333333333,0.653004965370458,5.06566666666664
"Colon","pca","radial",15,0.847916666666667,0.15136408526967,0.910651603506035,0.104335765429812,0.789166666666667,0.595766663691962,27.6119999999999
"Colon","local_kpca","linear",15,0.844583333333333,0.128714165147134,0.900847052580751,0.104403756347113,0.746666666666667,0.497284561569894,27.2646000000001
"Colon","rbf_kpca","linear",15,0.834583333333333,0.163473503386707,0.899181113170841,0.106791639424052,0.784166666666667,0.576365086262747,27.443
"Colon","pca","linear",15,0.8275,0.165102781840369,0.894702513641025,0.112653989550781,0.778333333333333,0.563851383969117,27.6427333333333
"Colon","rbf_kpca","radial",15,0.8225,0.163728188296509,0.898875710833488,0.0994969735672189,0.7625,0.510208314691427,27.3337333333335
"Colon","raw","radial",15,0.811666666666667,0.167436466273316,0.887849780926733,0.119168338262206,0.7775,0.565331019201126,31.4644
"Gravier","raw","radial",15,0.822489719327664,0.0680253764997213,0.680968391259874,0.122588486427793,0.742995169082126,0.466609902933999,90.7521333333335
"Gravier","raw","linear",15,0.809610931448876,0.0865207157949591,0.700721359816801,0.160464625644554,0.736045234958278,0.45706449892523,14.5784000000002
"Gravier","local_kpca","linear",15,0.803031301153831,0.0747884491861427,0.672585603252859,0.100348234628385,0.719257795344752,0.429298653210644,66.9072666666666
"Gravier","local_kpca","radial",15,0.792223619595161,0.0628231360742185,0.652480518915109,0.0975514596859689,0.706082564778217,0.413429451178699,73.7403333333333
"Gravier","rbf_kpca","radial",15,0.789262187088274,0.0660971521089531,0.641296041800017,0.105815559135655,0.721892841458059,0.428971816804642,98.8090666666667
"Gravier","pca","radial",15,0.787443606020681,0.0724904046486409,0.65886738121529,0.103477237878419,0.717610891523935,0.424222973127194,161.889466666667
"Gravier","rbf_kpca","linear",15,0.783107757416058,0.0724565908752441,0.65258377072332,0.135118245076932,0.729402722880984,0.450736694044922,68.4481333333335
"Gravier","pca","linear",15,0.780781131472831,0.0866730913020511,0.660221615886406,0.135121626648457,0.73018225735617,0.457774672165642,69.7695333333331
"Leukemia","raw","linear",15,1,0,1,0,0.98,0.970275591217916,320.941
"Leukemia","raw","radial",15,1,0,1,0,0.975555555555556,0.952221326687861,343.120933333333
"Leukemia","local_kpca","radial",15,0.991555555555556,0.0195937577793374,0.984216398706554,0.0383712361088866,0.932222222222222,0.869632670074649,430.426400000001
"Leukemia","rbf_kpca","linear",15,0.990222222222222,0.0152301566622826,0.984485768137455,0.0238784801854338,0.928518518518519,0.864994674806328,852.881333333333
"Leukemia","pca","linear",15,0.988740740740741,0.0174466516987291,0.982806037432647,0.0262280849717675,0.949259259259259,0.904944547347217,478.042666666667
"Leukemia","pca","radial",15,0.987259259259259,0.0177473284208857,0.979079566696012,0.0287899120342106,0.938518518518519,0.884624735668665,274.932066666667
"Leukemia","rbf_kpca","radial",15,0.985481481481482,0.0329808524073348,0.983524025122437,0.0351018812943457,0.917777777777778,0.845601845435194,274.672933333334
"Leukemia","local_kpca","linear",15,0.979703703703704,0.0374577167064187,0.977242263220763,0.0400283437891432,0.930740740740741,0.868010302968879,276.9414
"Pima","raw","radial",15,0.839556487304915,0.0287991971432883,0.723063118744199,0.0619605522053334,0.750125087351502,0.479324685016695,1.65553333333334
"Pima","rbf_kpca","radial",15,0.837816212438854,0.0346121583717533,0.727475331509808,0.0675618800524455,0.750517353831819,0.482331260260603,12.1272
"Pima","raw","linear",15,0.837633822501747,0.0324980670742812,0.714578396667627,0.070974521554936,0.740793151642208,0.465830139905689,1.29073333333329
"Pima","rbf_kpca","linear",15,0.837551129746098,0.0319625736648826,0.724183567518161,0.065638954211307,0.744694619147449,0.475223237794557,15.7313333333333
"Pima","pca","linear",15,0.837235732587934,0.0325983196453179,0.719862498006487,0.0692048135803007,0.744223852783601,0.470675793333292,2.84360000000006
"Pima","pca","radial",15,0.835976007453995,0.0335650778988535,0.721519296218217,0.0703239120805162,0.752954111344048,0.483528068899903,1.63939999999999
"Pima","local_kpca","linear",15,0.820646401118099,0.0346653907441612,0.702857054847497,0.0515679635893632,0.741132075471698,0.470912197716627,16.2763333333333
"Pima","local_kpca","radial",15,0.819488935476357,0.0399580634543049,0.69471059406685,0.0555806865498646,0.743073608199394,0.47052387092084,13.9544
"Prostate","pca","linear",15,0.907636363636364,0.0941429995717096,0.924255594248395,0.076668807923778,0.77030303030303,0.567098601856542,241.5858
"Prostate","rbf_kpca","linear",15,0.891333333333333,0.0853030341476167,0.907339289227353,0.0853618705938923,0.793939393939394,0.60584026536272,265.841133333333
"Prostate","local_kpca","linear",15,0.871333333333333,0.112620323515748,0.893018038895685,0.0837048099819201,0.698181818181818,0.420432522161054,234.418600000001
"Prostate","pca","radial",15,0.854242424242424,0.134808301810069,0.866013680772064,0.142809885169308,0.774242424242424,0.576360767985094,209.514533333334
"Prostate","rbf_kpca","radial",15,0.853030303030303,0.153783709665622,0.878345070750317,0.123274917935479,0.728484848484849,0.487224286339669,204.4666
"Prostate","raw","linear",15,0.816545454545455,0.0631841072181816,0.848911922961186,0.0489419034456847,0.70030303030303,0.410208689602168,39.1177999999997
"Prostate","local_kpca","radial",15,0.806666666666667,0.140953770321923,0.818358274255844,0.161222062481395,0.709090909090909,0.445726882664392,204.169
"Prostate","raw","radial",15,0.802,0.0701854517597836,0.831572918613619,0.066057254305364,0.698787878787879,0.413656023220497,381.662799999999
"Wisconsin","rbf_kpca","radial",15,0.995734614404775,0.00352855747363982,0.99427603700536,0.00387176813928548,0.968462172691619,0.93948713629008,6.36626666666671
"Wisconsin","pca","radial",15,0.995054738421918,0.00529703075442843,0.99358985692772,0.00551590068178439,0.967145768668861,0.930744145549049,1.44979999999993
"Wisconsin","raw","radial",15,0.994546304528289,0.00621947064364032,0.993454999023124,0.00644649278171285,0.969560428895509,0.940287960198,1.67453333333339
"Wisconsin","rbf_kpca","linear",15,0.994085052953379,0.00487029639020331,0.99248359620676,0.00513252447105332,0.966149394211956,0.930770444856958,6.38873333333337
"Wisconsin","raw","linear",15,0.993954207588338,0.00509562803150422,0.992321344845125,0.00540623955681553,0.970542830627174,0.942895760074658,0.247599999999966
"Wisconsin","local_kpca","radial",15,0.993232911681978,0.00610329932938304,0.991633836378664,0.00599502744161614,0.962841649379481,0.929468621685392,7.2552
"Wisconsin","local_kpca","linear",15,0.991286131951051,0.00750981339318478,0.990001029336057,0.00692394789205737,0.959869769868132,0.923075540260053,7.13166666666669
"Wisconsin","pca","linear",15,0.990835451988416,0.00757675354060402,0.989208642758127,0.00719426290523184,0.96013967092824,0.922723496587955,1.45866666666661
