"Dataset","Representation","Classifier","Mean_Delta_AUC","SD_Delta_AUC","Median_Delta_AUC","Better_Than_Raw","Equal_To_Raw","Worse_Than_Raw","N"
"Colon","local_kpca","radial",0.0695833333333333,0.146496790148486,0.0750000000000001,9,2,4,15
"Colon","pca","radial",0.03625,0.137625754182441,0,6,7,2,15
"Colon","rbf_kpca","radial",0.0108333333333333,0.0799157852873588,0,6,4,5,15
"Colon","local_kpca","linear",-0.0195833333333333,0.130115562189192,0,7,1,7,15
"Colon","rbf_kpca","linear",-0.0295833333333333,0.125433771179778,0,5,4,6,15
"Colon","pca","linear",-0.0366666666666667,0.156211900116781,0,6,3,6,15
"Gravier","local_kpca","linear",-0.00657963029504532,0.0816321814321324,0.0113636363636362,8,0,7,15
"Gravier","rbf_kpca","linear",-0.0265031740328183,0.079412218468343,-0.0340909090909091,3,0,12,15
"Gravier","pca","linear",-0.028829799976045,0.0768849325772692,-0.0495867768595042,5,0,10,15
"Gravier","local_kpca","radial",-0.0302660997325029,0.0537209744515541,-0.0371900826446282,7,0,8,15
"Gravier","rbf_kpca","radial",-0.03322753223939,0.0333808051258222,-0.0330578512396695,1,0,14,15
"Gravier","pca","radial",-0.0350461133069829,0.0450800218930398,-0.0371900826446282,4,0,11,15
"Leukemia","local_kpca","radial",-0.00844444444444445,0.0195937577793374,0,0,12,3,15
"Leukemia","rbf_kpca","linear",-0.00977777777777779,0.0152301566622826,0,0,10,5,15
"Leukemia","pca","linear",-0.0112592592592593,0.0174466516987291,0,0,10,5,15
"Leukemia","pca","radial",-0.0127407407407407,0.0177473284208857,0,0,9,6,15
"Leukemia","rbf_kpca","radial",-0.0145185185185185,0.0329808524073348,0,0,12,3,15
"Leukemia","local_kpca","linear",-0.0202962962962963,0.0374577167064187,0,0,11,4,15
"Pima","rbf_kpca","linear",-8.26927556487611e-05,0.00508870130633676,0.000188679245282541,8,0,7,15
"Pima","pca","linear",-0.000398089913813086,0.00566815622876161,0.000185185185184955,8,0,7,15
"Pima","rbf_kpca","radial",-0.00174027486606105,0.0131895764169827,-0.00444444444444481,7,0,8,15
"Pima","pca","radial",-0.00358047985092011,0.00867796550690543,-0.000566037735849179,6,0,9,15
"Pima","local_kpca","linear",-0.0169874213836479,0.0164421259843081,-0.0130188679245281,3,0,12,15
"Pima","local_kpca","radial",-0.0200675518285582,0.022184929065208,-0.0198148148148154,3,0,12,15
"Prostate","pca","linear",0.091090909090909,0.0593801114745073,0.0909090909090908,14,0,1,15
"Prostate","rbf_kpca","linear",0.0747878787878788,0.0731823962763863,0.0899999999999999,13,0,2,15
"Prostate","local_kpca","linear",0.0547878787878787,0.0729998679194246,0.06,11,0,4,15
"Prostate","pca","radial",0.0522424242424242,0.103167581068618,0.0700000000000001,11,1,3,15
"Prostate","rbf_kpca","radial",0.051030303030303,0.139687992124034,0.0727272727272728,12,0,3,15
"Prostate","local_kpca","radial",0.00466666666666666,0.120210788238059,0.0272727272727272,10,0,5,15
"Wisconsin","rbf_kpca","radial",0.00118830987648553,0.00398782282981527,0.000322997416020709,9,2,4,15
"Wisconsin","pca","radial",0.000508433893628846,0.00329216261322654,0.000335345405767962,8,0,7,15
"Wisconsin","rbf_kpca","linear",0.00013084536504128,0.00195964687996661,0.000335345405768406,9,1,5,15
"Wisconsin","local_kpca","radial",-0.0013133928463112,0.00426551438264315,-0.00161498708010333,5,0,10,15
"Wisconsin","local_kpca","linear",-0.0026680756372863,0.00323762032564864,-0.00167672702883959,2,0,13,15
"Wisconsin","pca","linear",-0.00311875559992172,0.0069984082303986,-0.00100603621730389,4,1,10,15
