"Dataset","Representation","Classifier","Valid_Outer_Folds","Mean_Elapsed_Seconds","ROC_AUC_Mean","ROC_AUC_SD","ROC_AUC_SE","PR_AUC_Mean","PR_AUC_SD","PR_AUC_SE","Accuracy_Default_Mean","Accuracy_Default_SD","Accuracy_Default_SE","Balanced_Accuracy_Default_Mean","Balanced_Accuracy_Default_SD","Balanced_Accuracy_Default_SE","Sensitivity_Default_Mean","Sensitivity_Default_SD","Sensitivity_Default_SE","Specificity_Default_Mean","Specificity_Default_SD","Specificity_Default_SE","F1_Default_Mean","F1_Default_SD","F1_Default_SE","MCC_Default_Mean","MCC_Default_SD","MCC_Default_SE","Constant_Prediction_Default_Mean","Constant_Prediction_Default_SD","Constant_Prediction_Default_SE","Accuracy_Tuned_Mean","Accuracy_Tuned_SD","Accuracy_Tuned_SE","Balanced_Accuracy_Tuned_Mean","Balanced_Accuracy_Tuned_SD","Balanced_Accuracy_Tuned_SE","Sensitivity_Tuned_Mean","Sensitivity_Tuned_SD","Sensitivity_Tuned_SE","Specificity_Tuned_Mean","Specificity_Tuned_SD","Specificity_Tuned_SE","F1_Tuned_Mean","F1_Tuned_SD","F1_Tuned_SE","MCC_Tuned_Mean","MCC_Tuned_SD","MCC_Tuned_SE","Constant_Prediction_Tuned_Mean","Constant_Prediction_Tuned_SD","Constant_Prediction_Tuned_SE","Sensitivity_at_80_Specificity_Mean","Sensitivity_at_80_Specificity_SD","Sensitivity_at_80_Specificity_SE","Specificity_at_80_Sensitivity_Mean","Specificity_at_80_Sensitivity_SD","Specificity_at_80_Sensitivity_SE"
"Colon","local_kpca","radial",15,27.3278666666666,0.88125,0.0923103751327166,0.0238344363714114,0.936766899356083,0.0589828756480813,0.0152293130064295,0.773931623931624,0.0930975399051055,0.0240376814416903,0.718333333333333,0.1202551850184,0.0310497552580902,0.916666666666667,0.102062072615966,0.0263523138347365,0.52,0.244803127897851,0.0632078958298573,0.840071092764591,0.0627523363742326,0.0162025835808672,0.494389392145949,0.258514319122834,0.066748110181259,0,0,0,0.779059829059829,0.101466964628541,0.0261986576131037,0.771666666666667,0.120773794855546,0.0311836597422534,0.8,0.123201345076145,0.0318104505140176,0.743333333333333,0.238197597045174,0.0615023550975057,0.822702753616066,0.0815200125889295,0.0210483767426362,0.54630676214827,0.230458796737984,0.0595042054502143,0,0,0,0.741666666666667,0.238422394282161,0.0615603974945138,0.793333333333333,0.221090371524751,0.057085288461478
"Colon","raw","linear",15,5.06566666666664,0.864166666666667,0.117935805278408,0.0304508939843224,0.927853203597526,0.0680315414761333,0.0175656684769256,0.842735042735043,0.0957214535127662,0.0247151730219807,0.82,0.108746921138683,0.0280783343014299,0.9,0.11764049351429,0.0303746448146978,0.74,0.204590182699813,0.0528249580262606,0.880178393444647,0.0751419022631593,0.0194015557378374,0.668317359207169,0.206705751745167,0.0533711956049544,0,0,0,0.825641025641026,0.100254442894986,0.0258855858477057,0.828333333333333,0.105587923191099,0.0272626845386504,0.816666666666667,0.132512353422327,0.0342145425314284,0.84,0.178485693704406,0.0460848079502294,0.856051497522086,0.0815488805161298,0.0210558304093886,0.653004965370458,0.215957084700816,0.0557598795027844,0,0,0,0.708333333333333,0.282157926059317,0.0728528632418773,0.76,0.204590182699813,0.0528249580262606
"Colon","pca","radial",15,27.6119999999999,0.847916666666667,0.15136408526967,0.0390820387642233,0.910651603506035,0.104335765429812,0.0269393787948977,0.811111111111111,0.106243156970193,0.0274318651729371,0.770833333333333,0.135263191417255,0.034924805847593,0.908333333333333,0.0998510795897475,0.0257814378901282,0.633333333333333,0.259578412779168,0.0670228579819116,0.862626173276328,0.0751213310621197,0.0193962442765682,0.584149825248893,0.258157682493531,0.0666560269995298,0,0,0,0.79957264957265,0.165029054329989,0.042610318604027,0.789166666666667,0.163107837539055,0.0421142625616443,0.825,0.225594452819339,0.0582482372510717,0.753333333333333,0.270229179630568,0.0697728741578987,0.824467459498419,0.192458921324716,0.0496926798079779,0.595766663691962,0.309618029598054,0.0799430314879211,0,0,0,0.725,0.276295649104878,0.0713392298408506,0.726666666666667,0.293298158064127,0.0757292587770449
"Colon","local_kpca","linear",15,27.2646000000001,0.844583333333333,0.128714165147134,0.0332338545357229,0.900847052580751,0.104403756347113,0.0269569339742576,0.728632478632479,0.0947909103111916,0.0244749078004724,0.653333333333333,0.12847549330885,0.0331722297320639,0.933333333333333,0.0929029191196508,0.0239874305709641,0.373333333333333,0.315587132334698,0.0814842471873094,0.817959195374056,0.0541702882394519,0.0139867082807102,0.346675227309272,0.275076997892621,0.0710245754508568,0.333333333333333,0.487950036474267,0.125988157669742,0.747863247863248,0.145485318492098,0.0375641477091718,0.746666666666667,0.13045821261268,0.0336841656549931,0.75,0.245495126515491,0.0633865691046387,0.743333333333333,0.217014373015333,0.0560328701717353,0.76442732648615,0.228979275454042,0.0591221946973431,0.497284561569894,0.26675646077244,0.0688762220043261,0.0666666666666667,0.258198889747161,0.0666666666666667,0.65,0.303256138790768,0.0783003983447874,0.786666666666667,0.248902352243568,0.064266311004746
"Colon","rbf_kpca","linear",15,27.443,0.834583333333333,0.163473503386707,0.0422086770775266,0.899181113170841,0.106791639424052,0.0275734827335694,0.758974358974359,0.106682426984457,0.0275452842029195,0.700833333333333,0.14130029656559,0.0364835796941801,0.908333333333333,0.120143763090407,0.031020986239989,0.493333333333333,0.32561297505445,0.0840729086463289,0.830553104732671,0.07043345304782,0.0181858393780059,0.45484363062643,0.281577014765315,0.0727028725907244,0.133333333333333,0.351865775274498,0.0908513525158996,0.789316239316239,0.15194310362946,0.0392315406618645,0.784166666666667,0.156443927274127,0.0403936483298652,0.791666666666667,0.187003310385774,0.0482840471206506,0.776666666666667,0.233656239153244,0.0603297815318648,0.821840479781656,0.133498625910992,0.0344691969929897,0.576365086262747,0.319544267909705,0.0825059751993551,0,0,0,0.633333333333333,0.34867948169111,0.0900286550502601,0.743333333333333,0.270493376382245,0.0698410894658565
"Colon","pca","linear",15,27.6427333333333,0.8275,0.165102781840369,0.0426293549653511,0.894702513641025,0.112653989550781,0.0290871350275999,0.752136752136752,0.124480385832086,0.0321406974171428,0.708333333333333,0.155743225794743,0.0402127279858441,0.866666666666667,0.145364893908235,0.0375330542153201,0.55,0.32458765050005,0.0838081709847526,0.818488384107579,0.0919631860634965,0.0237447925392064,0.44443599748378,0.310499061457017,0.0801705129357373,0.133333333333333,0.351865775274498,0.0908513525158996,0.767948717948718,0.166282312521506,0.0429339084776433,0.778333333333333,0.15158880785423,0.0391400618860579,0.733333333333333,0.240287526180814,0.062041972479978,0.823333333333333,0.189799392843627,0.0490059925069098,0.780933826522062,0.200900233128832,0.0518722171438103,0.563851383969117,0.296217275759567,0.0764829717250488,0,0,0,0.65,0.317636359919417,0.082013355474523,0.676666666666667,0.313315602335196,0.0808977406634107
"Colon","rbf_kpca","radial",15,27.3337333333335,0.8225,0.163728188296509,0.0422744364384728,0.898875710833488,0.0994969735672189,0.0256900081082586,0.741880341880342,0.0875070160032071,0.0225942143771151,0.678333333333333,0.117874277253756,0.0304350075166687,0.9,0.0968245836551854,0.025,0.456666666666667,0.255557280877544,0.0659846061893852,0.819069651252314,0.0584593573807504,0.0150941411710423,0.412555228803447,0.236389232029726,0.0610354372582592,0.0666666666666667,0.258198889747161,0.0666666666666667,0.768803418803419,0.151548522585091,0.0391296602742931,0.7625,0.178410641899123,0.0460654296574319,0.791666666666667,0.139087160066047,0.0359121503071389,0.733333333333333,0.322194853791186,0.0831903535311332,0.815980272450861,0.116389887188353,0.0300517396498301,0.510208314691427,0.363708949668223,0.0939092469954412,0,0,0,0.666666666666667,0.34286954342654,0.0885285354408486,0.69,0.36213651727333,0.0935032466968776
"Colon","raw","radial",15,31.4644,0.811666666666667,0.167436466273316,0.0432319096949581,0.887849780926733,0.119168338262206,0.0307691326323159,0.817948717948718,0.0999201334114208,0.0257992675102171,0.78,0.126137679880812,0.0325686089005086,0.916666666666667,0.102062072615966,0.0263523138347365,0.643333333333333,0.267172139978989,0.068983549913948,0.867638950316969,0.0700940142539649,0.0180981966582954,0.598514777788196,0.247212475638352,0.0638299867414695,0.0666666666666667,0.258198889747161,0.0666666666666667,0.796581196581197,0.119027423852934,0.0307327486882924,0.7775,0.134976849866931,0.0348508727772108,0.841666666666667,0.120143763090407,0.031020986239989,0.713333333333333,0.234114339179649,0.0604480624500757,0.841368371910168,0.0915802290244868,0.0236459134569132,0.565331019201126,0.272800907902286,0.0704368915423877,0,0,0,0.625,0.33407655239053,0.0862581949177943,0.696666666666667,0.258060531843283,0.0666309428094976
"Gravier","raw","radial",15,90.7521333333335,0.822489719327664,0.0680253764997213,0.0175640766868607,0.680968391259874,0.122588486427793,0.0316522110914411,0.750284356166709,0.0689293674430092,0.0177974861447591,0.696113306982872,0.0731979791097495,0.0188996369378732,0.527272727272727,0.101993767380888,0.0263346774988756,0.864953886693017,0.0725889957077613,0.0187423980996054,0.589170631893744,0.108329311336458,0.0279705079141479,0.423737446844095,0.16169603453971,0.0417497365946717,0,0,0,0.726279602750191,0.0539695177683898,0.0139348695679879,0.742995169082126,0.0635026694123387,0.0163963187382469,0.794949494949495,0.133920718501096,0.034578180831125,0.691040843214756,0.078248558406712,0.0202036909049289,0.660973385223318,0.0713054124103131,0.0184109783173063,0.466609902933999,0.12070699336463,0.0311664116714654,0,0,0,0.656565656565657,0.194259296046059,0.0501575345621576,0.738998682476943,0.113335758999175,0.0292631671422389
"Gravier","raw","linear",15,14.5784000000002,0.809610931448876,0.0865207157949591,0.0223395527583881,0.700721359816801,0.160464625644554,0.0414317881851176,0.746415414650709,0.0645580227460729,0.016668809797308,0.674582784365393,0.0714508059225126,0.0184485187607326,0.451010101010101,0.107170547531743,0.0276713163862913,0.898155467720685,0.0664163807839006,0.0171486357794278,0.545502317886219,0.113958214419469,0.0294238844406757,0.405581314390059,0.167198017565411,0.0431703425033155,0,0,0,0.738331211272388,0.0553361406052587,0.0142877300671706,0.736045234958278,0.0696065934222394,0.0179723451407043,0.72979797979798,0.145262394123936,0.0375065888848148,0.742292490118577,0.0700070346903826,0.0180757386315478,0.649782562764572,0.0878956083231553,0.02269454848269,0.45706449892523,0.12988868126968,0.0335371132945542,0,0,0,0.642929292929293,0.151078012981321,0.0390081752169843,0.694598155467721,0.163513544217569,0.0422190155755996
"Gravier","local_kpca","linear",15,66.9072666666666,0.803031301153831,0.0747884491861427,0.019310294545774,0.672585603252859,0.100348234628385,0.0259098027691366,0.722470078940667,0.0448506316306896,0.011580383291503,0.622562582345191,0.0575225033359807,0.0148522464968276,0.313636363636364,0.135664392880876,0.0350283956200648,0.931488801054018,0.0723156091933238,0.0186718100051058,0.417037185953595,0.149029844013711,0.0384793402635328,0.339822154428295,0.122933318511884,0.0317412463527026,0,0,0,0.732854596384008,0.0942568811900667,0.0243370220743053,0.719257795344752,0.103003224892672,0.0265953183076651,0.677777777777778,0.147424950575871,0.0380649585597199,0.760737812911726,0.0921570816912672,0.0237948561750236,0.63226453206963,0.127323284463811,0.0328747306875179,0.429298653210644,0.200432852517975,0.0517515399889977,0,0,0,0.65,0.196703116306893,0.0507885262402466,0.685375494071146,0.13065532404972,0.0337350596091933
"Gravier","local_kpca","radial",15,73.7403333333333,0.792223619595161,0.0628231360742185,0.016220863984798,0.652480518915109,0.0975514596859689,0.0251876785841321,0.719069688481453,0.0493466611665462,0.0127412531259316,0.630017566974089,0.0504397877080909,0.0130234971853116,0.352525252525253,0.110559598061067,0.0285463654702599,0.907509881422925,0.0790908992144238,0.0204211823662688,0.45261166666201,0.0990115410242338,0.0255646699646127,0.338043951189468,0.123415115168897,0.0318656457146273,0,0,0,0.71080383668619,0.0867447512523846,0.0223973984647594,0.706082564778217,0.0769033465900804,0.0198563587073999,0.692929292929293,0.172893011797346,0.0446407836911175,0.719235836627141,0.16121213105678,0.0416247932526345,0.616824602759368,0.0932529664783992,0.0240778124103519,0.413429451178699,0.143455142916227,0.0370399586294901,0,0,0,0.626262626262626,0.15977657505919,0.0412541342878867,0.651383399209486,0.153446030981066,0.0396195948354197
"Gravier","rbf_kpca","radial",15,98.8090666666667,0.789262187088274,0.0660971521089531,0.0170662112899809,0.641296041800017,0.105815559135655,0.0273214598868013,0.704693998811646,0.0522808269871527,0.0134988514831462,0.613647342995169,0.0615886815182038,0.0159021291889917,0.32979797979798,0.142274106492661,0.0367350163361744,0.897496706192358,0.0849239721115252,0.0219272753121147,0.41535300899078,0.142507488913681,0.0367952754181683,0.292419221674597,0.136072469023159,0.0351337604269347,0,0,0,0.720572107630931,0.0514983927646003,0.013296827835583,0.721892841458059,0.0739992435278568,0.0191065225210224,0.726262626262626,0.174779584835232,0.0451278947549266,0.717523056653491,0.0718736990482252,0.0185577092962733,0.630633144365028,0.0901917922797707,0.0232874206309434,0.428971816804642,0.133546549168432,0.0344815707248538,0,0,0,0.55,0.126144244648042,0.0325703039161186,0.627667984189723,0.143113183174524,0.0369516650038442
"Gravier","pca","radial",15,161.889466666667,0.787443606020681,0.0724904046486409,0.0187169419976015,0.65886738121529,0.103477237878419,0.0267177079343106,0.726856803327392,0.0642766266017068,0.0165961536252535,0.649077733860343,0.0817170944943496,0.0210992630718049,0.406060606060606,0.169321631912321,0.0437186573699387,0.892094861660079,0.0748673958248383,0.0193306784802345,0.485771271449021,0.162032551685438,0.0418366249480795,0.35156468173719,0.166628612413862,0.0430233227253691,0,0,0,0.714501315677786,0.0728440724394943,0.0188082586285392,0.717610891523935,0.0782186851665202,0.0201959776674783,0.726262626262626,0.167179128193104,0.0431654652883578,0.708959156785244,0.116661706055545,0.0301219229795514,0.629197542367248,0.0968150050496384,0.0249975268146824,0.424222973127194,0.14632927750234,0.0377820569886085,0,0,0,0.591414141414141,0.148687540190779,0.0383909577964956,0.645586297760211,0.175866592447987,0.0454085589136866
"Gravier","rbf_kpca","linear",15,68.4481333333335,0.783107757416058,0.0724565908752441,0.0187082113188523,0.65258377072332,0.135118245076932,0.0348873808634486,0.714682964094729,0.0540442173777784,0.0139541569241966,0.612088274044796,0.0997883901268561,0.0257652515404108,0.292424242424242,0.260453116299981,0.0672487054598432,0.931752305665349,0.0793608660560403,0.0204908875050428,0.350448771501403,0.252995362721569,0.0653231217658893,0.280644205756726,0.214938359976679,0.0554968459100541,0.133333333333333,0.351865775274498,0.0908513525158996,0.740242763772176,0.0737423281290532,0.0190401872502924,0.729402722880984,0.0746257086003635,0.019268275107209,0.695959595959596,0.110188184507561,0.0284504669031077,0.762845849802372,0.0930983777814332,0.0240378977804278,0.646159481354142,0.0929880445944975,0.0240094098740588,0.450736694044922,0.150999323056566,0.0389878575657782,0,0,0,0.655050505050505,0.151862876601248,0.0392108261322525,0.642028985507246,0.150716559245128,0.0389148482636042
"Gravier","pca","linear",15,69.7695333333331,0.780781131472831,0.0866730913020511,0.0223788959451439,0.660221615886406,0.135121626648457,0.0348882539814621,0.728243782361429,0.042531502042086,0.0109815866065457,0.644400527009223,0.0740892904723314,0.0191297725421109,0.381818181818182,0.191477714298051,0.0494393332430808,0.906982872200264,0.0669793750529992,0.0172940002746431,0.463520382590244,0.156363977260915,0.0403730053252186,0.350789517678249,0.138061450813896,0.0356473133170301,0,0,0,0.738687717511247,0.073001215615033,0.0188488328219946,0.73018225735617,0.0748233262181496,0.0193192997567159,0.702525252525253,0.153543422739275,0.0396447412792599,0.757839262187088,0.118494387381367,0.030595119263139,0.643740867378081,0.0912125994095332,0.023550991898494,0.457774672165642,0.144626456380273,0.0373423904654526,0,0,0,0.660606060606061,0.157464371221299,0.0406571258240743,0.640052700922266,0.187575877682252,0.0484318833609068
"Leukemia","raw","linear",15,320.941,1,0,0,1,0,0,0.990793650793651,0.0243121549187883,0.00627737140739212,0.986666666666667,0.0351865775274498,0.00908513525158996,0.973333333333333,0.0703731550548997,0.0181702705031799,1,0,0,0.985185185185185,0.0390961972527221,0.0100945947239888,0.980088733523087,0.0525519087524828,0.0135688444939852,0,0,0,0.986349206349206,0.0282789260199272,0.0073015873015873,0.98,0.0414039335605412,0.010690449676497,0.96,0.0828078671210825,0.0213808993529939,1,0,0,0.977777777777778,0.0460043706228236,0.01187827741833,0.970275591217916,0.0615424422923534,0.0158901902722144,0,0,0,1,0,0,1,0,0
"Leukemia","raw","radial",15,343.120933333333,1,0,0,1,0,0,0.986031746031746,0.0289356975443246,0.00747116498000427,0.982962962962963,0.0365791805423189,0.00944470380388769,0.973333333333333,0.0703731550548997,0.0181702705031799,0.992592592592593,0.0286887655274624,0.00740740740740741,0.979124579124579,0.0434404953304101,0.0112162876643786,0.970799597911345,0.0604953235743076,0.0156198253817815,0,0,0,0.976507936507937,0.0344076943253597,0.00888402847356756,0.975555555555556,0.0380753916557066,0.00983102385219176,0.973333333333333,0.0703731550548997,0.0181702705031799,0.977777777777778,0.0460043706228236,0.01187827741833,0.967003367003367,0.0486628925933495,0.0125647048394882,0.952221326687861,0.0700066958568492,0.0180756511451056,0,0,0,1,0,0,1,0,0
"Leukemia","local_kpca","radial",15,430.426400000001,0.991555555555556,0.0195937577793374,0.00505908650459971,0.984216398706554,0.0383712361088866,0.00990741056154071,0.931111111111111,0.0694712938053939,0.0179374109298515,0.912962962962963,0.0898673004337106,0.0232036371965586,0.853333333333333,0.176743020337707,0.045634851621756,0.972592592592593,0.0604023351608738,0.0155958158766735,0.887354497354497,0.123345862233294,0.0318477646835428,0.853487278619444,0.147341659740268,0.0380434529584412,0,0,0,0.935555555555556,0.0607123960401318,0.015675873251452,0.932222222222222,0.059842532932651,0.0154512755628684,0.92,0.101418510567422,0.0261861468283191,0.944444444444444,0.0867805519545184,0.0224066421663025,0.91037037037037,0.0811585713145864,0.020955053006892,0.869632670074649,0.121402110478988,0.0313458901386369,0,0,0,1,0,0,0.992592592592593,0.0286887655274624,0.00740740740740741
"Leukemia","rbf_kpca","linear",15,852.881333333333,0.990222222222222,0.0152301566622826,0.00393240954087671,0.984485768137455,0.0238784801854338,0.0061653970727286,0.925714285714286,0.0556144812215483,0.0143595973052681,0.905555555555556,0.0751541625470482,0.0194047213295255,0.84,0.154919333848297,0.04,0.971111111111111,0.0496548936723106,0.0128208384167039,0.881582491582492,0.0937592079942998,0.0242085234077014,0.841418780460434,0.1203060256794,0.0310628822603146,0,0,0,0.935555555555556,0.065733672252921,0.016972361194708,0.928518518518519,0.0683925626218748,0.0176588837359313,0.906666666666667,0.103279555898864,0.0266666666666667,0.95037037037037,0.0788885162820025,0.0203689273178139,0.908350168350168,0.0901624515229106,0.0232798448800977,0.864994674806328,0.137712478363978,0.0355572090179091,0,0,0,1,0,0,1,0,0
"Leukemia","pca","linear",15,478.042666666667,0.988740740740741,0.0174466516987291,0.00450470609841728,0.982806037432647,0.0262280849717675,0.00677206241990456,0.94952380952381,0.040398083902898,0.0104307404116409,0.932962962962963,0.0586618364213239,0.0151464210345154,0.88,0.126491106406735,0.032659863237109,0.985925925925926,0.0372006966109006,0.00960517856275552,0.919360269360269,0.0696456266402225,0.0179824234742508,0.892421086450507,0.0871484732414272,0.0225016390340967,0,0,0,0.953968253968254,0.050029685605098,0.0129176092776358,0.949259259259259,0.0542248026101248,0.0140007838306932,0.933333333333333,0.0975900072948533,0.0251976315339485,0.965185185185185,0.0635330555503217,0.0164041644053378,0.933804713804714,0.069673822061834,0.0179897035008068,0.904944547347217,0.102613408114232,0.0264946680482671,0,0,0,0.986666666666667,0.0516397779494322,0.0133333333333333,1,0,0
"Leukemia","pca","radial",15,274.932066666667,0.987259259259259,0.0177473284208857,0.00458234049425093,0.979079566696012,0.0287899120342106,0.00743352332315161,0.945079365079365,0.0638842761112776,0.016494849164233,0.925925925925926,0.0906245882230301,0.02339916806298,0.866666666666667,0.179947082168487,0.0464621368291446,0.985185185185185,0.0390961972527221,0.0100945947239888,0.905738335738336,0.122632356487177,0.0316635382920673,0.880934722521142,0.140625293412276,0.0363092946294185,0,0,0,0.944761904761905,0.059579565723203,0.015383377721349,0.938518518518519,0.0696573456039651,0.0179854492976781,0.92,0.126491106406735,0.032659863237109,0.957037037037037,0.068861575059639,0.0177799822266396,0.918619528619529,0.0895051253882337,0.0231101240019224,0.884624735668665,0.125277714484592,0.0323465667899835,0,0,0,0.986666666666667,0.0516397779494322,0.0133333333333333,0.992592592592593,0.0286887655274624,0.00740740740740741
"Leukemia","rbf_kpca","radial",15,274.672933333334,0.985481481481482,0.0329808524073348,0.00851561947448884,0.983524025122437,0.0351018812943457,0.00906326677823671,0.945079365079365,0.0638842761112776,0.016494849164233,0.926296296296296,0.0866907441795042,0.0223834538985031,0.866666666666667,0.163299316185545,0.0421637021355784,0.985925925925926,0.0372006966109006,0.00960517856275552,0.907724867724868,0.118828016148065,0.030681261840288,0.879651948548705,0.141419438118702,0.0365143419109162,0,0,0,0.921587301587302,0.109861453325003,0.0283661052745253,0.917777777777778,0.10330089950113,0.0266721775610748,0.906666666666667,0.127988094684437,0.0330463839483761,0.928888888888889,0.147632701194827,0.0381185995388788,0.895974025974026,0.121065555069975,0.0312589919056913,0.845601845435194,0.19884629936761,0.0513418937270485,0,0,0,0.973333333333333,0.0703731550548997,0.0181702705031799,1,0,0
"Leukemia","local_kpca","linear",15,276.9414,0.979703703703704,0.0374577167064187,0.009671540866061,0.977242263220763,0.0400283437891432,0.0103352739247744,0.902857142857143,0.0978849870179871,0.0252737949709595,0.868888888888889,0.126281787867808,0.0326058174227544,0.76,0.241424344848887,0.0623354977979184,0.977777777777778,0.086066296582387,0.0222222222222222,0.827248677248677,0.174576545760243,0.0450754702911891,0.794271495265278,0.203797413696511,0.0526202659497821,0,0,0,0.93047619047619,0.103686502653544,0.0267717398669113,0.930740740740741,0.0971568185146664,0.0250857826718533,0.933333333333333,0.123442679969674,0.0318727629155838,0.928148148148148,0.141724492814791,0.0365931066947584,0.91032116032116,0.120647839443358,0.0311511381946688,0.868010302968879,0.189408514098985,0.0489050680490175,0,0,0,0.946666666666667,0.0915475416434127,0.0236374736114111,1,0,0
"Pima","raw","radial",15,1.65553333333334,0.839556487304915,0.0287991971432883,0.00743592072800666,0.723063118744199,0.0619605522053334,0.0159981457875381,0.761726508785332,0.0263930432686244,0.00681465446900761,0.707624039133473,0.0288595864317302,0.00745151317523498,0.52858141160028,0.0495416394070641,0.0127915962911582,0.886666666666667,0.0313201593379149,0.00808683036775382,0.607130986709606,0.0438959041768922,0.0113338737229213,0.453643201646617,0.0629784942748588,0.0162609772997165,0,0,0,0.730450159861925,0.0296643469894771,0.00765930145775754,0.750125087351502,0.0261739271377957,0.00675807892730193,0.815583508036338,0.058394156914403,0.0150773064830204,0.684666666666667,0.0559166045702586,0.0144376052184718,0.678662288038434,0.0293011531935554,0.0075655252228875,0.479324685016695,0.0497891975065786,0.0128555155176007,0,0,0,0.698928488236664,0.0646399319352791,0.0166899586590211,0.691333333333333,0.0520805237337428,0.0134471334055031
"Pima","rbf_kpca","radial",15,12.1272,0.837816212438854,0.0346121583717533,0.00893682086333961,0.727475331509808,0.0675618800524455,0.0174444024187723,0.772998896528308,0.033185551027659,0.00856847243098931,0.726073142324715,0.034891980919043,0.00900907073437602,0.570812951316096,0.0554956669602185,0.0143289195949066,0.881333333333333,0.0405086704416768,0.0104592937331746,0.636822087260998,0.051867493730863,0.0133921292952767,0.483850795924665,0.0767685536902087,0.0198215553303072,0,0,0,0.733471974648445,0.0435394559506693,0.0112418391866582,0.750517353831819,0.038251094473198,0.00987639012459348,0.807034707663638,0.0766385113603023,0.0197879785451052,0.694,0.0769786612361782,0.019875804865404,0.679081406149926,0.0418671750670832,0.0108100581191709,0.482331260260603,0.0727874137782845,0.0187936294251203,0,0,0,0.692615886326578,0.0701351165493877,0.0181088092253397,0.698666666666667,0.0719986772365265,0.0185899785257353
"Pima","raw","linear",15,1.29073333333329,0.837633822501747,0.0324980670742812,0.00839096483750818,0.714578396667627,0.070974521554936,0.0183255426658204,0.764332399626517,0.0319992163398811,0.00826216213173651,0.714272070812951,0.0368163685769925,0.00950594549110174,0.548544141625903,0.0592155889997573,0.0152893993354616,0.88,0.0280305955290694,0.00723746864455747,0.61823561884296,0.0555847437754366,0.0143519191296982,0.460630375739794,0.0757456462378935,0.0195574417618053,0,0,0,0.733486121721416,0.0380250780650965,0.00981803293895706,0.740793151642208,0.0337429426470057,0.008712390328259,0.76491963661775,0.0813841958948398,0.0210133090230131,0.716666666666667,0.0747057720725272,0.019288947406831,0.66678854857709,0.0389291602821959,0.0100514659636523,0.465830139905689,0.0650481393326329,0.0167953573558045,0,0,0,0.691497787095271,0.0735391414108513,0.0189877246652413,0.694666666666667,0.0713008381704558,0.0184097972536537
"Pima","rbf_kpca","linear",15,15.7313333333333,0.837551129746098,0.0319625736648826,0.00825270103373454,0.724183567518161,0.065638954211307,0.0169479051015242,0.763463769346122,0.0290817858316638,0.0075088848136003,0.713866061029583,0.031799511752551,0.00821059862901046,0.549732122059166,0.0511146594173762,0.0131977483113708,0.878,0.0316679197747049,0.00817662172643097,0.61824232090099,0.0471927729236997,0.0121851215729892,0.459572792690062,0.0674061316759861,0.0174041883608906,0,0,0,0.742209206915089,0.0228203921624858,0.00589219991994864,0.744694619147449,0.0284104299707584,0.00733554147568928,0.753389238294899,0.0966216332075732,0.0249475984197528,0.736,0.0626555207919804,0.0161775859050195,0.669256281635678,0.0346865304186182,0.00895602364326835,0.475223237794557,0.0522073498484412,0.0134798797675091,0,0,0,0.701327742837177,0.0845361621661694,0.0218271432147909,0.692,0.0639419379481997,0.016509737386507
"Pima","pca","linear",15,2.84360000000006,0.837235732587934,0.0325983196453179,0.00841684994004416,0.719862498006487,0.0692048135803007,0.0178686060315929,0.765195371077724,0.02942467038588,0.00759741722481039,0.713495690659213,0.0357527657073556,0.00923132441102959,0.542324714651759,0.0620184582823591,0.0160130970723358,0.884666666666667,0.0232583830253176,0.00600528867445122,0.616004833289451,0.0550969751801014,0.0142259778199291,0.461508634557674,0.0710578321864849,0.0183470533783905,0,0,0,0.733480462892228,0.0371936327376075,0.00960335467851392,0.744223852783601,0.0366324828042786,0.0094584663887467,0.779781038900536,0.0841049335554287,0.0217158004662704,0.708666666666667,0.067492503992948,0.017426489597235,0.670633817072483,0.0414491541323516,0.0107021255779321,0.470675793333292,0.0684461443508691,0.0176727184788683,0,0,0,0.696459352434195,0.0801870172023768,0.0207041988137902,0.694,0.0605687330936633,0.015638779638176
"Pima","pca","radial",15,1.63939999999999,0.835976007453995,0.0335650778988535,0.00866646584776094,0.721519296218217,0.0703239120805162,0.0181575560218663,0.763893840364429,0.0368834280965722,0.00952326018460419,0.712779641276497,0.0397540156365617,0.0102644427003515,0.543559282552993,0.0601936215090197,0.0155419262434897,0.882,0.0393155730686237,0.010151237316092,0.616124825247735,0.0585423748380228,0.0151155761863396,0.460414675202764,0.086721582526507,0.0223914163254609,0,0,0,0.73128483716719,0.0388098695577298,0.010020665231038,0.752954111344048,0.037474533352827,0.0096758829054929,0.824574889354764,0.0528685332756998,0.0136505965943465,0.681333333333333,0.050971513986689,0.013160788320095,0.682064469223474,0.0404530370234567,0.0104449292463573,0.483528068899903,0.0715762517835258,0.0184809087427696,0,0,0,0.682832518052644,0.0859832408110746,0.0222007773142822,0.696666666666667,0.0661887632529297,0.0170898651856441
"Pima","local_kpca","linear",15,16.2763333333333,0.820646401118099,0.0346653907441612,0.00895056540279393,0.702857054847497,0.0515679635893632,0.0133147909452956,0.75996661290779,0.0306639439525965,0.00791739628382958,0.716131376659679,0.0274396053093386,0.00708487562597154,0.570929419986024,0.0351320004787654,0.00907104351821396,0.861333333333333,0.0447000585916309,0.0115415054999922,0.624712618860987,0.0378357644347551,0.00976915236978889,0.456895221723179,0.0662488629665164,0.0171053828649664,0,0,0,0.734824434824435,0.0624261846042289,0.0161183715559632,0.741132075471698,0.0436167050206875,0.0112617848107709,0.762264150943396,0.0720283591307681,0.0185976423578741,0.72,0.11771636613973,0.0303942350423485,0.670322825572958,0.0476669465617141,0.0123075526798718,0.470912197716627,0.0862061569737016,0.0222583340199792,0,0,0,0.693897041695784,0.0796084470068299,0.0205548126316592,0.674666666666667,0.0754857287048038,0.0194903313433357
"Pima","local_kpca","radial",15,13.9544,0.819488935476357,0.0399580634543049,0.0103171276203481,0.69471059406685,0.0555806865498646,0.01435087155856,0.75345047109753,0.0324263458908975,0.00837244650758715,0.708187048683904,0.0333037719474891,0.00859899694123433,0.558374097367808,0.0528873335022792,0.0136554507919763,0.858,0.041781745843302,0.0107880003884387,0.61236451874903,0.0489688982121154,0.0126437151505099,0.440443113836731,0.0732578436220153,0.0189150938884755,0,0,0,0.733084344849051,0.0484513377719124,0.0125100816194725,0.743073608199394,0.0388958057966871,0.0100428538725258,0.776147216398789,0.0777033343533232,0.0200629146596805,0.71,0.0906326967174966,0.0234012616672488,0.670799287827441,0.042752187711135,0.0110385674012773,0.47052387092084,0.0750805527383648,0.019385715358649,0,0,0,0.677754484043792,0.0816489902231499,0.0210816786245941,0.67,0.10555973258235,0.0272554057547699
"Prostate","pca","linear",15,241.5858,0.907636363636364,0.0941429995717096,0.0243076179668829,0.924255594248395,0.076668807923778,0.0197958010841578,0.806031746031746,0.105185702269801,0.027158831543338,0.805757575757576,0.105241425188742,0.0271732191391421,0.884848484848485,0.0975900072948533,0.0251976315339485,0.726666666666667,0.201659779496722,0.052068331172711,0.826237163802381,0.0866392638497706,0.0223701617345221,0.632006812035225,0.201928980339652,0.0521378385314746,0,0,0,0.770793650793651,0.116748085801348,0.0301442261340142,0.77030303030303,0.11835485168324,0.0305590913008026,0.827272727272727,0.114477407122281,0.0295579394201066,0.713333333333333,0.255976189368874,0.0660927678967523,0.791828664516825,0.0898170924034239,0.0231906735388822,0.567098601856542,0.231323293119222,0.0597274174560403,0,0,0,0.870909090909091,0.132953019194259,0.0343283219444906,0.853333333333333,0.226358333705864,0.0584454704478715
"Prostate","rbf_kpca","linear",15,265.841133333333,0.891333333333333,0.0853030341476167,0.0220251487089788,0.907339289227353,0.0853618705938923,0.0220403402140838,0.81,0.0987129681500094,0.0254875787799793,0.810909090909091,0.0991671337945668,0.0256048438451653,0.861818181818182,0.13206202256521,0.0340982676041019,0.76,0.213139793160666,0.0550324579550235,0.823445787696696,0.085167514531398,0.0219901576945322,0.644993173409627,0.183550403488806,0.0473925103934531,0,0,0,0.790634920634921,0.144375341672374,0.0372775529266741,0.793939393939394,0.14185550069535,0.0366269327840671,0.727878787878788,0.246689214749552,0.0636948813609333,0.86,0.176473389333512,0.0455652331958312,0.759166261740632,0.209919387036665,0.0542009526692716,0.60584026536272,0.283353010699655,0.0731614327691663,0,0,0,0.826060606060606,0.14988648466136,0.038700523927668,0.813333333333333,0.235634907269296,0.0608406714426074
"Prostate","local_kpca","linear",15,234.418600000001,0.871333333333333,0.112620323515748,0.0290784424947323,0.893018038895685,0.0837048099819201,0.0216124890038289,0.753968253968254,0.117739983912363,0.0304003331250206,0.755151515151515,0.118541742963701,0.0306073464219209,0.756969696969697,0.167256728013321,0.0431855014757825,0.753333333333333,0.269567554922076,0.069602043392737,0.757715798643997,0.108961464314944,0.0281337291113434,0.540669432703764,0.224086476813664,0.057858879520641,0,0,0,0.693015873015873,0.144859735411627,0.0374026228523496,0.698181818181818,0.141304430747094,0.0364846471352543,0.503030303030303,0.341979560320924,0.0882987427910849,0.893333333333333,0.179151438998513,0.0462567026460224,0.546577063573968,0.349698151410182,0.0902916744407436,0.420432522161054,0.295447672203023,0.0762842609412037,0.266666666666667,0.457737708217063,0.118187368057056,0.833939393939394,0.162567456407251,0.0419747367533721,0.806666666666667,0.278943585352888,0.0720229240402081
"Prostate","pca","radial",15,209.514533333334,0.854242424242424,0.134808301810069,0.03480735385606,0.866013680772064,0.142809885169308,0.0368733537956348,0.751746031746032,0.111242309972028,0.0287226409276872,0.754545454545455,0.111393449494657,0.028761664984627,0.755757575757576,0.1626545824248,0.0419972325943714,0.753333333333333,0.216684980910955,0.0559478214960934,0.754679152951464,0.10733960485634,0.0277149667998061,0.531813199418688,0.221925520563037,0.057300923015937,0,0,0,0.771111111111111,0.0914460489719701,0.0236112683163272,0.774242424242424,0.0918725997070847,0.0237214032425546,0.728484848484849,0.155492387991623,0.0401479619435717,0.82,0.20071301473924,0.0518238775634773,0.762635259128731,0.0860250313000091,0.0222115675721271,0.576360767985094,0.190907975219265,0.0492922272454929,0,0,0,0.772727272727273,0.248300005159048,0.0641107856562807,0.773333333333333,0.218653890451379,0.0564561917534435
"Prostate","rbf_kpca","radial",15,204.4666,0.853030303030303,0.153783709665622,0.0397067830968633,0.878345070750317,0.123274917935479,0.0318294469446131,0.731904761904762,0.104482465906447,0.0269772566950902,0.731515151515152,0.108296167148099,0.027961950121512,0.776363636363636,0.189972967691103,0.0490508093398161,0.686666666666667,0.269567554922076,0.069602043392737,0.742770079385259,0.097737707308784,0.025235767513561,0.490322031146714,0.22000153687645,0.0568041525641686,0.0666666666666667,0.258198889747161,0.0666666666666667,0.728412698412698,0.150408327359197,0.0388352631328723,0.728484848484849,0.153351640677705,0.039595223363889,0.716969696969697,0.223524062888718,0.0577136648696415,0.74,0.29952343099378,0.0773366173358545,0.72171462772598,0.157018857172466,0.0405420945912989,0.487224286339669,0.306832352914644,0.0792237728610702,0,0,0,0.781818181818182,0.230342899260362,0.0594742808501677,0.773333333333333,0.265832027165025,0.0686375342732467
"Prostate","raw","linear",15,39.1177999999997,0.816545454545455,0.0631841072181816,0.0163140663334001,0.848911922961186,0.0489419034456847,0.0126367451317885,0.708571428571429,0.0734564740477451,0.0189663800438689,0.71,0.0740783592271395,0.0191269501067388,0.713333333333333,0.0892621377766437,0.0230473848703875,0.706666666666667,0.153374735611213,0.0396011864500796,0.71430496531183,0.0618699252687728,0.015974746013137,0.427068614473858,0.148355672705488,0.0383052699802503,0,0,0,0.699206349206349,0.0727801083710048,0.0187917431770715,0.70030303030303,0.0730808504633537,0.0188693944514162,0.700606060606061,0.117604316610066,0.0303653039781928,0.7,0.151185789203691,0.0390360029179413,0.70181926387876,0.0684300428897564,0.0176685610994857,0.410208689602168,0.148123481568061,0.0382453184863575,0,0,0,0.704242424242424,0.102556844413662,0.02648006336358,0.666666666666667,0.158865022072498,0.0410187723187772
"Prostate","local_kpca","radial",15,204.169,0.806666666666667,0.140953770321923,0.0363941070027968,0.818358274255844,0.161222062481395,0.0416273575354437,0.692063492063492,0.10261666690211,0.0264955094636792,0.694848484848485,0.101985406893364,0.0263325188302791,0.68969696969697,0.212086577259014,0.0547605187785528,0.7,0.220389266007736,0.0569042637953892,0.680741537892568,0.143801950996745,0.0371295040908353,0.417380097729788,0.204878527245682,0.0528994082678686,0,0,0,0.705396825396825,0.095939030597837,0.0247713511837804,0.709090909090909,0.0958710763586827,0.0247538054746772,0.684848484848485,0.205579397378543,0.0530803721580303,0.733333333333333,0.205866345916355,0.0531544619519079,0.689678924695751,0.136262989051073,0.0351829524866165,0.445726882664392,0.194516019533359,0.0502238202815503,0,0,0,0.627878787878788,0.301442158712402,0.0778320307025298,0.726666666666667,0.205171240906805,0.0529749866101843
"Prostate","raw","radial",15,381.662799999999,0.802,0.0701854517597836,0.0181218057207791,0.831572918613619,0.066057254305364,0.0170559097213909,0.692380952380952,0.0819229532084303,0.0211524155632253,0.693333333333333,0.0824446912500067,0.0212871277462992,0.7,0.0903227846721563,0.0233212427212227,0.686666666666667,0.14573295865416,0.0376280881240732,0.699270145059619,0.0718616976687137,0.018554610553408,0.39226692054956,0.16690314043191,0.0430942055548338,0,0,0,0.695714285714286,0.0810883212344537,0.0209369145141971,0.698787878787879,0.0812474078537861,0.0209779905026824,0.644242424242424,0.141290504600555,0.0364810514196794,0.753333333333333,0.168466472572297,0.0434978561777876,0.678344189350381,0.0886907841339935,0.0228998619942022,0.413656023220497,0.163902015366454,0.0423193183949407,0,0,0,0.684242424242424,0.123576507028379,0.0319073169135596,0.646666666666667,0.150554530541816,0.038873012632302
"Wisconsin","rbf_kpca","radial",15,6.36626666666671,0.995734614404775,0.00352855747363982,0.00091106962210285,0.99427603700536,0.00387176813928548,0.000999686234921944,0.969475439271515,0.0149171031686688,0.00385157947639415,0.964782341768094,0.0178813188123506,0.00461693666456395,0.94640088593577,0.0364885972633006,0.00942131530181552,0.983163797600417,0.0177830422721249,0.00459156177098948,0.958343589289365,0.0205945566449131,0.00531749166055157,0.935270992359144,0.0315703318727992,0.00815142463850617,0,0,0,0.971286392202129,0.0107263489333316,0.00276953138562687,0.968462172691619,0.0139573383382835,0.0036037692627703,0.957438169066076,0.036079787309596,0.00931576102565139,0.979486176317162,0.0188810777513647,0.00487507331263218,0.961192061549009,0.0148000592466658,0.00382135886568131,0.93948713629008,0.0223263422055918,0.00576463676959898,0,0,0,0.995275009228498,0.00978240645185488,0.0025258064849244,1,0,0
"Wisconsin","pca","radial",15,1.44979999999993,0.995054738421918,0.00529703075442843,0.00136768745974999,0.99358985692772,0.00551590068178439,0.00142419943199234,0.968336539694754,0.0163401550867298,0.00421900990169005,0.965502229570359,0.0195162152948212,0.0050390651211894,0.95437430786268,0.0385857284454333,0.00996279224469634,0.976630151278039,0.0181765353339093,0.00469316124266543,0.957189141899509,0.0224365143483671,0.00579308309454463,0.932902118838703,0.0344700817839384,0.00890013684610675,0,0,0,0.967177119404899,0.0122416570300489,0.00316078225382416,0.967145768668861,0.0127994734353383,0.00330480983035263,0.966998892580288,0.0232150975861863,0.0059941124221253,0.967292644757433,0.0173201699840387,0.00447204866011091,0.956478615962736,0.0159957299651122,0.00413007971768737,0.930744145549049,0.0257288226973273,0.00664315345495146,0,0,0,0.995275009228498,0.00978240645185488,0.0025258064849244,1,0,0
"Wisconsin","raw","radial",15,1.67453333333339,0.994546304528289,0.00621947064364032,0.00160586041500299,0.993454999023124,0.00644649278171285,0.00166447727900135,0.975954854431191,0.0135337626929398,0.0034944025014186,0.97123680931411,0.0165163157693166,0.00426449439435107,0.952750092284976,0.0310590312830089,0.00801940739389524,0.989723526343245,0.0111976575037364,0.00289122273523371,0.967066759656578,0.0190798850933389,0.00492640514760352,0.948788229946331,0.0289308393461375,0.00746991059862618,0,0,0,0.971845581633962,0.0121483553095506,0.00313669185318001,0.969560428895509,0.0156197244074314,0.00403299550015541,0.960612772240679,0.0342321857085367,0.00883871234356282,0.978508085550339,0.013898109139072,0.00358847634929327,0.961967730669624,0.0170819837018755,0.00441054922650334,0.940287960198,0.0260485240060098,0.00672569997790399,0,0,0,0.993724621631598,0.0107728064003505,0.0027815266520316,1,0,0
"Wisconsin","rbf_kpca","linear",15,6.38873333333337,0.994085052953379,0.00487029639020331,0.0012575051206901,0.99248359620676,0.00513252447105332,0.0013252121200261,0.969516480697704,0.0144033672280691,0.00371893342690808,0.963859795291993,0.0187847194121389,0.0048501936964262,0.94171280915467,0.0425947873852459,0.0109979268118869,0.986006781429317,0.0175673794263424,0.00453587786364874,0.958081251647793,0.0202801825293676,0.00523632061295248,0.935631515775158,0.0302386190161928,0.00780757785746837,0,0,0,0.967177119404899,0.0138948327230364,0.00358763038231052,0.966149394211956,0.0160113908759674,0.0041341233474826,0.962163159837578,0.0331590297063233,0.00856162465526581,0.970135628586333,0.018971887588258,0.00489852031169616,0.956165859238661,0.0186343123389621,0.00481135875712183,0.930770444856958,0.0295824770542875,0.0076381627313879,0,0,0,0.995275009228498,0.00978240645185488,0.0025258064849244,1,0,0
"Wisconsin","raw","linear",15,0.247599999999966,0.993954207588338,0.00509562803150422,0.0013156855002989,0.992321344845125,0.00540623955681553,0.00139588505127695,0.973035782993459,0.0135118966390912,0.00348875671059175,0.968272555228009,0.0160236987759258,0.00413730123358699,0.949612403100775,0.0308995048208553,0.0079782178384819,0.986932707355243,0.0144604785952003,0.00373367951849332,0.963179496344752,0.0186266297405118,0.00480937511873159,0.942669260569135,0.0288538259293435,0.00745002581991434,0,0,0,0.973056303706554,0.0145971467808589,0.00376896709229412,0.970542830627174,0.0145062889061603,0.00374550768992214,0.960686600221484,0.0228635911650748,0.00590335385445533,0.980399061032864,0.0203038343091645,0.0052424274762366,0.963854737067443,0.0192085332714421,0.00495962196435776,0.942895760074658,0.0304666908627725,0.00786646575503785,0,0,0,0.993724621631598,0.0107728064003505,0.0027815266520316,0.99906103286385,0.00363660408094593,0.000938967136150233
"Wisconsin","local_kpca","radial",15,7.2552,0.993232911681978,0.00610329932938304,0.00157586511064129,0.991633836378664,0.00599502744161614,0.00154790942942905,0.963678337822239,0.00804030511524712,0.00207599785398523,0.960848792149971,0.0112108574461422,0.00289463094570761,0.949723145071982,0.0343224828567148,0.00886202696696973,0.97197443922796,0.0191643710928991,0.00494821933888914,0.951096121069158,0.0110320559666145,0.00284846460220841,0.923323535273775,0.0164284569158316,0.00424180933592678,0,0,0,0.966617929973067,0.0133595376747019,0.00344941779514339,0.962841649379481,0.0168357985656325,0.00434698449765315,0.948062015503876,0.0393519289083616,0.0101606243535482,0.977621283255086,0.0195697502350753,0.00505288778332568,0.954710611600232,0.0189425248316613,0.00489093888054297,0.929468621685392,0.0279234297655507,0.00720979856339803,0,0,0,0.992100406053894,0.0115645789593055,0.00298596144768607,1,0,0
"Wisconsin","local_kpca","linear",15,7.13166666666669,0.991286131951051,0.00750981339318478,0.00193902548032867,0.990001029336057,0.00692394789205737,0.00178775565839641,0.965437988970117,0.0150353920154388,0.00388212152529964,0.96031765528572,0.0191215923031916,0.00493717390288193,0.940236249538575,0.0367381775355058,0.0094857566510017,0.980399061032864,0.00885612445503657,0.00228664150175312,0.952701302892544,0.0211740078704914,0.00546710532365853,0.926121068426124,0.0323733385030226,0.00835876005888946,0,0,0,0.963668077465692,0.0172800154641054,0.0044616808076458,0.959869769868132,0.0216107414383286,0.00557986944598942,0.944961240310078,0.04548747771221,0.0117448162426914,0.974778299426187,0.0192608281118889,0.00497312443410063,0.950609491783116,0.0246809156286693,0.00637258501326576,0.923075540260053,0.0361988351041247,0.00934649903402557,0,0,0,0.988999630860096,0.0150157448108148,0.00387704863887907,1,0,0
"Wisconsin","pca","linear",15,1.45866666666661,0.990835451988416,0.00757675354060402,0.00195630935207183,0.989208642758127,0.00719426290523184,0.00185755069468005,0.968875208413492,0.0206003712331729,0.00531899298078461,0.963033541472782,0.0237890926662218,0.0061423173145108,0.940125507567368,0.0390085501180589,0.0100719643311293,0.985941575378195,0.0159704781745954,0.00412355973341181,0.957212442633405,0.028850141174311,0.00744907442025597,0.933559942855886,0.0442723655436496,0.0114310756298508,0,0,0,0.963657817109145,0.0165901028449786,0.0042835461353647,0.96013967092824,0.0185275485726254,0.00478379247118848,0.94640088593577,0.0329353984516824,0.00850388331360477,0.973878455920709,0.0189448115365237,0.00489152930519964,0.950937070359428,0.0224627650498196,0.00579986099651475,0.922723496587955,0.0354394144204241,0.00915041745664302,0,0,0,0.988999630860096,0.0151392049562981,0.00390892591137088,0.998135106937924,0.00492157916872574,0.00127074627716774
